line,MSN,StateCode,Year,Data,Description,Unit,Consume,price,expend,factor,produce,consumet,,
540,ABICB,GA,2000,1.26271,Aviation gasoline blending components consumed by the industrial sector.,Billion Btu,1,,,,,1.26271,,"16,575,513.04"
3207,ABICP,GA,2000,0.25014,Aviation gasoline blending components consumed by the industrial sector.,Thousand barrels,1,,,,,0.25014,,
5807,ARICB,GA,2000,37446.76883,Asphalt and road oil consumed by the industrial sector.,Billion Btu,1,,,,,37446.76883,,
10487,ARICP,GA,2000,5642.973,Asphalt and road oil consumed by the industrial sector.,Thousand barrels,1,,,,,5642.973,,
33887,AVACB,GA,2000,536.98625,Aviation gasoline consumed by the transportation sector.,Billion Btu,1,,,,,536.98625,,
38567,AVACP,GA,2000,106.37604,Aviation gasoline consumed by the transportation sector.,Thousand barrels,1,,,,,106.37604,,
65067,CLACB,GA,2000,0,Coal consumed by the transportation sector.,Billion Btu,1,,,,,0,,
72346,CLACP,GA,2000,0,Coal consumed by the transportation sector.,Thousand short tons,1,,,,,0,,
77026,CLCCB,GA,2000,195.69308,Coal consumed by the commercial sector.,Billion Btu,1,,,,,195.69308,,
81706,CLCCP,GA,2000,7.63174,Coal consumed by the commercial sector.,Thousand short tons,1,,,,,7.63174,,
86386,CLEIB,GA,2000,768276.9157,Coal consumed by the electric power sector.,Billion Btu,1,,,,,768276.9157,,
93666,CLEIP,GA,2000,33150.192,Coal consumed by the electric power sector.,Thousand short tons,1,,,,,33150.192,,
100946,CLICB,GA,2000,51032.93661,Coal consumed by the industrial sector.,Billion Btu,1,,,,,51032.93661,,
105626,CLICP,GA,2000,1990.2089,Coal consumed by the industrial sector.,Thousand short tons,1,,,,,1990.2089,,
110306,CLKCB,GA,2000,0,Coal consumed at coke plants (coking coal).,Billion Btu,1,,,,,0,,
117586,CLKCP,GA,2000,0,Coal consumed at coke plants (coking coal).,Thousand short tons,1,,,,,0,,
122266,CLOCB,GA,2000,51032.93661,Coal consumed by industrial users other than coke plants.,Billion Btu,1,,,,,51032.93661,,
129546,CLOCP,GA,2000,1990.2089,Coal consumed by industrial users other than coke plants.,Thousand short tons,1,,,,,1990.2089,,
134116,CLOSB,GA,2000,50873.24208,Coal consumed by the industrial sector excluding refinery fuel.,Billion Btu,1,,,,,50873.24208,,
144106,CLRCB,GA,2000,24.18682,Coal consumed by the residential sector.,Billion Btu,1,,,,,24.18682,,
148786,CLRCP,GA,2000,0.94325,Coal consumed by the residential sector.,Thousand short tons,1,,,,,0.94325,,
153356,CLRFB,GA,2000,159.69453,Coal consumed as refinery fuel.,Billion Btu,1,,,,,159.69453,,
178426,COICB,GA,2000,0,Crude oil consumed by the industrial sector.,Billion Btu,1,,,,,0,,
181026,COICP,GA,2000,0,Crude oil consumed by the industrial sector.,Thousand barrels,1,,,,,0,,
186226,DFACB,GA,2000,196908.6013,Distillate fuel oil consumed by the transportation sector.,Billion Btu,1,,,,,196908.6013,,
190906,DFACP,GA,2000,33804.05173,Distillate fuel oil consumed by the transportation sector.,Thousand barrels,1,,,,,33804.05173,,
195586,DFCCB,GA,2000,7208.96973,Distillate fuel oil consumed by the commercial sector.,Billion Btu,1,,,,,7208.96973,,
200266,DFCCP,GA,2000,1237.59137,Distillate fuel oil consumed by the commercial sector.,Thousand barrels,1,,,,,1237.59137,,
209106,DFICB,GA,2000,37716.49626,Distillate fuel oil consumed by the industrial sector.,Billion Btu,1,,,,,37716.49626,,
213786,DFICP,GA,2000,6474.93498,Distillate fuel oil consumed by the industrial sector.,Thousand barrels,1,,,,,6474.93498,,
218356,DFISB,GA,2000,37269.86671,Distillate fuel oil consumed by the industrial sector excluding refinery fuel.,Billion Btu,1,,,,,37269.86671,,
220546,DFRCB,GA,2000,416.98915,Distillate fuel oil consumed by the residential sector.,Billion Btu,1,,,,,416.98915,,
225226,DFRCP,GA,2000,71.58612,Distillate fuel oil consumed by the residential sector.,Thousand barrels,1,,,,,71.58612,,
229796,DFRFB,GA,2000,446.62955,Distillate fuel oil consumed as refinery fuel.,Billion Btu,1,,,,,446.62955,,
250706,DKEIB,GA,2000,5876.3066,Distillate fuel oil and kerosene-type jet fuel consumed by the electric power sector.,Billion Btu,1,,,,,5876.3066,,
255386,DKEIP,GA,2000,1008.808,Distillate fuel oil and kerosene-type jet fuel consumed by the electric power sector.,Thousand barrels,1,,,,,1008.808,,
286586,EMACB,GA,2000,0,"Fuel ethanol, excluding denaturant, consumed by the transportation sector.   ",Billion Btu,1,,,,,0,,
291266,EMCCB,GA,2000,0,"Fuel ethanol, excluding denaturant, consumed by the commercial sector ",Billion Btu,1,,,,,0,,
298546,EMICB,GA,2000,0,"Fuel ethanol, excluding denaturant, consumed by the industrial sector. ",Billion Btu,1,,,,,0,,
310556,ENACP,GA,2000,0,"Fuel ethanol, including denaturant, consumed by the transportation sector.",Thousand barrels,1,,,,,0,,
313156,ENCCP,GA,2000,0,"Fuel ethanol, including denaturant, consumed by the commercial sector.",Thousand barrels,1,,,,,0,,
315756,ENICP,GA,2000,0,"Fuel ethanol, including denaturant, consumed by the industrial sector.",Thousand barrels,1,,,,,0,,
323606,ESACB,GA,2000,328.46836,"Electricity consumed by (i.e., sold to) the transportation sector.",Billion Btu,1,,,,,328.46836,,
328286,ESACP,GA,2000,96.26857,"Electricity consumed by (i.e., sold to) the transportation sector.",Million kilowatthours,1,,,,,96.26857,,
332966,ESCCB,GA,2000,131169.0802,"Electricity consumed by (i.e., sold to) the commercial sector.",Billion Btu,1,,,,,131169.0802,,
337646,ESCCP,GA,2000,38443.45843,"Electricity consumed by (i.e., sold to) the commercial sector.",Million kilowatthours,1,,,,,38443.45843,,
342326,ESICB,GA,2000,123123.2449,"Electricity consumed by (i.e., sold to) the industrial sector.",Billion Btu,1,,,,,123123.2449,,
347006,ESICP,GA,2000,36085.359,"Electricity consumed by (i.e., sold to) the industrial sector.",Million kilowatthours,1,,,,,36085.359,,
353766,ESRCB,GA,2000,152038.6859,"Electricity consumed by (i.e., sold to) the residential sector.",Billion Btu,1,,,,,152038.6859,,
358446,ESRCP,GA,2000,44559.99,"Electricity consumed by (i.e., sold to) the residential sector.",Million kilowatthours,1,,,,,44559.99,,
363016,ESRFB,GA,2000,2951.55169,Electricity consumed by refineries.,Billion Btu,1,,,,,2951.55169,,
386576,FNICB,GA,2000,9910.28741,"Petrochemical feedstocks, naphtha less than 401 degrees F, consumed by the industrial sector.",Billion Btu,1,,,,,9910.28741,,
391256,FNICP,GA,2000,1888.39318,"Petrochemical feedstocks, naphtha less than 401 degrees F, consumed by the industrial sector.",Thousand barrels,1,,,,,1888.39318,,
395936,FOICB,GA,2000,11664.82527,"Petrochemical feedstocks, other oils equal to or greater than 401 degrees F, consumed by the industrial sector.",Billion Btu,1,,,,,11664.82527,,
400616,FOICP,GA,2000,2002.54511,"Petrochemical feedstocks, other oils equal to or greater than 401 degrees F, consumed by the industrial sector.",Thousand barrels,1,,,,,2002.54511,,
405296,FSICB,GA,2000,0,"Petrochemical feedstocks, still gas, consumed by the industrial sector.",Billion Btu,1,,,,,0,,
409976,FSICP,GA,2000,0,"Petrochemical feedstocks, still gas, consumed by the industrial sector.",Thousand barrels,1,,,,,0,,
438622,GOCCB,GA,2000,7.2,Geothermal energy and hydroelectricity consumed in the commercial sector.,Billion Btu,1,,,,,7.2,,
440702,GORCB,GA,2000,299.45844,Geothermal and solar energy consumed in the residential sector.,Billion Btu,1,,,,,299.45844,,
470972,JFACB,GA,2000,73968.0375,Jet fuel consumed by the transportation sector.,Billion Btu,1,,,,,73968.0375,,
475652,JFACP,GA,2000,13045.50926,Jet fuel consumed by the transportation sector.,Thousand barrels,1,,,,,13045.50926,,
499052,JKACB,GA,2000,73968.0375,Kerosene-type jet fuel consumed by the transportation sector.,Billion Btu,1,,,,,73968.0375,,
501652,JKACP,GA,2000,13045.50926,Kerosene-type jet fuel consumed by the transportation sector.,Thousand barrels,1,,,,,13045.50926,,
509452,JNACB,GA,2000,0,Naphtha-type jet fuel consumed by the transportation sector.,Billion Btu,1,,,,,0,,
512052,JNACP,GA,2000,0,Naphtha-type jet fuel consumed by the transportation sector.,Thousand barrels,1,,,,,0,,
519852,KSCCB,GA,2000,232.45588,Kerosene consumed by the commercial sector.,Billion Btu,1,,,,,232.45588,,
524532,KSCCP,GA,2000,40.99751,Kerosene consumed by the commercial sector.,Thousand barrels,1,,,,,40.99751,,
529212,KSICB,GA,2000,231.61372,Kerosene consumed by the industrial sector.,Billion Btu,1,,,,,231.61372,,
533892,KSICP,GA,2000,40.84898,Kerosene consumed by the industrial sector.,Thousand barrels,1,,,,,40.84898,,
538572,KSRCB,GA,2000,1121.87981,Kerosene consumed by the residential sector.,Billion Btu,1,,,,,1121.87981,,
543252,KSRCP,GA,2000,197.8624,Kerosene consumed by the residential sector.,Thousand barrels,1,,,,,197.8624,,
566652,LGACB,GA,2000,423.92425,LPG consumed by the transportation sector.,Billion Btu,1,,,,,423.92425,,
571332,LGACP,GA,2000,117.52821,LPG consumed by the transportation sector.,Thousand barrels,1,,,,,117.52821,,
576012,LGCCB,GA,2000,4797.07212,LPG consumed by the commercial sector.,Billion Btu,1,,,,,4797.07212,,
580692,LGCCP,GA,2000,1329.93405,LPG consumed by the commercial sector.,Thousand barrels,1,,,,,1329.93405,,
585372,LGICB,GA,2000,12618.64422,LPG consumed by the industrial sector.,Billion Btu,1,,,,,12618.64422,,
590052,LGICP,GA,2000,3498.37655,LPG consumed by the industrial sector.,Thousand barrels,1,,,,,3498.37655,,
594622,LGISB,GA,2000,12300.64738,LPG consumed in the industrial sector excluding refinery fuel.,Billion Btu,1,,,,,12300.64738,,
596812,LGRCB,GA,2000,15025.53991,LPG consumed by the residential sector.,Billion Btu,1,,,,,15025.53991,,
601492,LGRCP,GA,2000,4165.66119,LPG consumed by the residential sector.,Thousand barrels,1,,,,,4165.66119,,
606062,LGRFB,GA,2000,317.99684,LPG consumed as refinery fuel.,Billion Btu,1,,,,,317.99684,,
642622,LUACB,GA,2000,3908.88771,Lubricants consumed by the transportation sector.,Billion Btu,1,,,,,3908.88771,,
647302,LUACP,GA,2000,644.49921,Lubricants consumed by the transportation sector.,Thousand barrels,1,,,,,644.49921,,
651982,LUICB,GA,2000,3999.6602,Lubricants consumed by the industrial sector.,Billion Btu,1,,,,,3999.6602,,
656662,LUICP,GA,2000,659.46582,Lubricants consumed by the industrial sector.,Thousand barrels,1,,,,,659.46582,,
680062,MBICB,GA,2000,0,Motor gasoline blending components consumed by the industrial sector.,Billion Btu,1,,,,,0,,
682662,MBICP,GA,2000,0,Motor gasoline blending components consumed by the industrial sector.,Thousand barrels,1,,,,,0,,
685262,MGACB,GA,2000,572661.2348,Motor gasoline consumed by the transportation sector.,Billion Btu,1,,,,,572661.2348,,
689942,MGACP,GA,2000,109915.784,Motor gasoline consumed by the transportation sector.,Thousand barrels,1,,,,,109915.784,,
694555,MGCCB,GA,2000,1160.60919,Motor gasoline consumed by the commercial sector.,Billion Btu,1,,,,,1160.60919,,
699235,MGCCP,GA,2000,222.76568,Motor gasoline consumed by the commercial sector.,Thousand barrels,1,,,,,222.76568,,
703915,MGICB,GA,2000,5109.43038,Motor gasoline consumed by the industrial sector.,Billion Btu,1,,,,,5109.43038,,
708595,MGICP,GA,2000,980.69681,Motor gasoline consumed by the industrial sector.,Thousand barrels,1,,,,,980.69681,,
734645,MSICB,GA,2000,1925.51773,Miscellaneous petroleum products consumed by the industrial sector.,Billion Btu,1,,,,,1925.51773,,
739325,MSICP,GA,2000,332.21493,Miscellaneous petroleum products consumed by the industrial sector.,Thousand barrels,1,,,,,332.21493,,
744005,NAICB,GA,2000,0,Natural gasoline consumed by the industrial sector.,Billion Btu,1,,,,,0,,72166.10373
746605,NAICP,GA,2000,0,Natural gasoline consumed by the industrial sector.,Thousand barrels,1,,,,,0,,
749205,NGACB,GA,2000,6206.024,Natural gas consumed by the transportation sector. ,Billion Btu,1,,,,,6206.024,,
753885,NGACP,GA,2000,6094.91372,Natural gas consumed by the transportation sector.,Million cubic feet,1,,,,,6094.91372,,
758565,NGCCB,GA,2000,59865.16601,Natural gas consumed by (delivered to) the commercial sector (including supplemental gaseous fuels).,Billion Btu,1,,,,,59865.16601,,
763245,NGCCP,GA,2000,58793.363,Natural gas consumed by (delivered to) the commercial sector (including supplemental gaseous fuels).,Million cubic feet,1,,,,,58793.363,,
767925,NGEIB,GA,2000,42703.96202,Natural gas consumed by the electric power sector (including supplemental gaseous fuels).,Billion Btu,1,,,,,42703.96202,,
775205,NGEIP,GA,2000,42033.941,Natural gas consumed by the electric power sector (including supplemental gaseous fuels).,Million cubic feet,1,,,,,42033.941,,
779885,NGICB,GA,2000,169154.6664,Natural gas consumed by (delivered to) the industrial sector (including supplemental gaseous fuels).,Billion Btu,1,,,,,169154.6664,,
784565,NGICP,GA,2000,166126.186,Natural gas consumed by (delivered to) the industrial sector (including supplemental gaseous fuels).,Million cubic feet,1,,,,,166126.186,,
789135,NGISB,GA,2000,157619.2579,Natural gas consumed by the industrial sector excluding refinery fuel (including supplemental gaseous fuels).,Billion Btu,1,,,,,157619.2579,,
791325,NGLPB,GA,2000,0,Natural gas consumed as lease and plant fuel.,Billion Btu,1,,,,,0,,
793925,NGLPP,GA,2000,0,Natural gas consumed as lease and plant fuel.,Million cubic feet,1,,,,,0,,
804325,NGPZB,GA,2000,5738.33597,Natural gas consumed as pipeline fuel.,Billion Btu,1,,,,,5738.33597,,
806925,NGPZP,GA,2000,5635.599,Natural gas consumed as pipeline fuel.,Million cubic feet,1,,,,,5635.599,,
809525,NGRCB,GA,2000,143405.6386,Natural gas consumed by (delivered to) the residential sector (including supplemental gaseous fuels).,Billion Btu,1,,,,,143405.6386,,
814205,NGRCP,GA,2000,140838.159,Natural gas consumed by (delivered to) the residential sector (including supplemental gaseous fuels).,Million cubic feet,1,,,,,140838.159,,
818775,NGRFB,GA,2000,11535.40852,Natural gas consumed as refinery fuel (including supplemental gaseous fuels). ,Billion Btu,1,,,,,11535.40852,,
844885,NGVHB,GA,2000,467.68803,Natural gas consumed as vehicle fuel.,Billion Btu,1,,,,,467.68803,,
847485,NGVHP,GA,2000,459.31472,Natural gas consumed as vehicle fuel.,Million cubic feet,1,,,,,459.31472,,
850085,NNACB,GA,2000,6206.024,Natural gas consumed by the transportation sector.  (Code used in SEDS 2006.),Billion Btu,1,,,,,6206.024,,
852685,NNCCB,GA,2000,59854.46126,Natural gas consumed by (delivered to) the commercial sector (excluding supplemental gaseous fuels).  (Code used in SEDS 2006.),Billion Btu,1,,,,,59854.46126,,
855285,NNEIB,GA,2000,42696.32594,Natural gas consumed by the electric power sector (excluding supplemental gaseous fuels).  (Code used in SEDS 2006.),Billion Btu,1,,,,,42696.32594,,
857885,NNICB,GA,2000,169124.4191,Natural gas consumed by (delivered to) the industrial sector (excluding supplemental gaseous fuels).  (Code used in SEDS 2006.),Billion Btu,1,,,,,169124.4191,,
860485,NNRCB,GA,2000,143379.9957,Natural gas consumed by (delivered to) the residential sector (excluding supplemental gaseous fuels).  (Code used in SEDS 2006.),Billion Btu,1,,,,,143379.9957,,
884455,P1ICB,GA,2000,84406.60297,"Asphalt and road oil, kerosene, lubricants, and ""other petroleum products"" consumed by the industrial sector.",Billion Btu,1,,,,,84406.60297,,
889135,P1ICP,GA,2000,14147.37587,"Asphalt and road oil, kerosene, lubricants, and ""other petroleum products"" consumed by the industrial sector.",Thousand barrels,1,,,,,14147.37587,,
912425,P5RFB,GA,2000,5890.70144,"Other petroleum products (SG and PC consumed as process fuel and AB, MB, PP, and UO consumed as intermediate products).",Billion Btu,1,,,,,5890.70144,,
914615,PAACB,GA,2000,853579.4681,All petroleum products consumed by the transportation sector.,Billion Btu,1,,,,,853579.4681,,
919345,PAACP,GA,2000,158456.366,All petroleum products consumed by the transportation sector.,Thousand barrels,1,,,,,158456.366,,
924025,PACCB,GA,2000,13429.28892,All petroleum products consumed by the commercial sector.,Billion Btu,1,,,,,13429.28892,,
928755,PACCP,GA,2000,2836.08931,All petroleum products consumed by the commercial sector.,Thousand barrels,1,,,,,2836.08931,,
933435,PAEIB,GA,2000,9539.60319,All petroleum products consumed by the electric power sector.,Billion Btu,1,,,,,9539.60319,,
938165,PAEIP,GA,2000,1591.486,All petroleum products consumed by the electric power sector.,Thousand barrels,1,,,,,1591.486,,
942895,PAICB,GA,2000,148021.7778,All petroleum products consumed by the industrial sector.,Billion Btu,1,,,,,148021.7778,,
947625,PAICP,GA,2000,26400.98719,All petroleum products consumed by the industrial sector.,Thousand barrels,1,,,,,26400.98719,,
957505,PARCB,GA,2000,16564.40887,All petroleum products consumed by the residential sector.,Billion Btu,1,,,,,16564.40887,,
962235,PARCP,GA,2000,4435.10971,All petroleum products consumed by the residential sector.,Thousand barrels,1,,,,,4435.10971,,
985685,PCCCB,GA,2000,0,Petroleum coke consumed by the commercial sector.,Billion Btu,1,,,,,0,,
990365,PCCCP,GA,2000,0,Petroleum coke consumed by the commercial sector.,Thousand barrels,1,,,,,0,,
995045,PCEIB,GA,2000,0,Petroleum coke consumed by the electric power sector.,Billion Btu,1,,,,,0,,
999725,PCEIP,GA,2000,0,Petroleum coke consumed by the electric power sector.,Thousand barrels,1,,,,,0,,
1004405,PCICB,GA,2000,8298.06,Petroleum coke consumed by the industrial sector.,Billion Btu,1,,,,,8298.06,,
1009085,PCICP,GA,2000,1377.5,Petroleum coke consumed by the industrial sector.,Thousand barrels,1,,,,,1377.5,,
1015845,PCRFB,GA,2000,0,Petroleum coke consumed as refinery fuel.,Billion Btu,1,,,,,0,,
1056925,PLICB,GA,2000,0,Plant condensate consumed by the industrial sector.,Billion Btu,1,,,,,0,,
1059525,PLICP,GA,2000,0,Plant condensate consumed by the industrial sector.,Thousand barrels,1,,,,,0,,
1064725,POICB,GA,2000,42728.56022,Other petroleum products consumed by the industrial sector.,Billion Btu,1,,,,,42728.56022,,
1069405,POICP,GA,2000,7804.08807,Other petroleum products consumed by the industrial sector.,Thousand barrels,1,,,,,7804.08807,,
1092805,PPICB,GA,2000,5542.99543,Pentanes plus consumed by the industrial sector.,Billion Btu,1,,,,,5542.99543,,
1095405,PPICP,GA,2000,1199.78256,Pentanes plus consumed by the industrial sector.,Thousand barrels,1,,,,,1199.78256,,
1103205,RFACB,GA,2000,5171.79622,Residual fuel oil consumed by the transportation sector.,Billion Btu,1,,,,,5171.79622,,
1107885,RFACP,GA,2000,822.6175,Residual fuel oil consumed by the transportation sector.,Thousand barrels,1,,,,,822.6175,,
1112565,RFCCB,GA,2000,30.182,Residual fuel oil consumed by the commercial sector.,Billion Btu,1,,,,,30.182,,
1117245,RFCCP,GA,2000,4.8007,Residual fuel oil consumed by the commercial sector.,Thousand barrels,1,,,,,4.8007,,
1121925,RFEIB,GA,2000,3663.29659,Residual fuel oil consumed by the electric power sector.,Billion Btu,1,,,,,3663.29659,,
1126605,RFEIP,GA,2000,582.678,Residual fuel oil consumed by the electric power sector.,Thousand barrels,1,,,,,582.678,,
1131285,RFICB,GA,2000,8170.60394,Residual fuel oil consumed by the industrial sector.,Billion Btu,1,,,,,8170.60394,,
1135965,RFICP,GA,2000,1299.60298,Residual fuel oil consumed by the industrial sector,Thousand barrels,1,,,,,1299.60298,,
1140535,RFISB,GA,2000,5497.89122,Residual fuel oil consumed by the industrial sector excluding refinery fuel.,Billion Btu,1,,,,,5497.89122,,
1142615,RFRFB,GA,2000,2672.71272,Residual fuel oil consumed as refinery fuel.,Billion Btu,1,,,,,2672.71272,,
1165905,SFCCB,GA,2000,10.70475,Supplemental gaseous fuels consumed by the commercial sector.,Billion Btu,1,,,,,10.70475,,
1167465,SFEIB,GA,2000,7.63608,Supplemental gaseous fuels consumed by the electric power sector.,Billion Btu,1,,,,,7.63608,,
1169025,SFINB,GA,2000,30.24729,Supplemental gaseous fuels consumed by the industrial sector.,Billion Btu,1,,,,,30.24729,,
1170585,SFRCB,GA,2000,25.64298,Supplemental gaseous fuels consumed by the residential sector.,Billion Btu,1,,,,,25.64298,,
1173925,SGICB,GA,2000,479.17548,Still gas consumed by the industrial sector.,Billion Btu,1,,,,,479.17548,,
1176525,SGICP,GA,2000,79.86258,Still gas consumed by the industrial sector.,Thousand barrels,1,,,,,79.86258,,
1179125,SNICB,GA,2000,3643.45307,Special naphthas consumed by the industrial sector.,Billion Btu,1,,,,,3643.45307,,
1183805,SNICP,GA,2000,694.25554,Special naphthas consumed by the industrial sector.,Thousand barrels,1,,,,,694.25554,,
1193685,SOHCB,GA,2000,236.05844,Solar thermal energy consumed by the residential and commercial sectors.,Billion Btu,1,,,,,236.05844,,
1201485,TEACB,GA,2000,860856.8636,Total energy consumed by the transportation sector.,Billion Btu,1,,,,,860856.8636,,
1208245,TECCB,GA,2000,503575.2494,Total energy consumed by the commercial sector.,Billion Btu,1,,,,,503575.2494,,
1215005,TEEIB,GA,2000,1184355.608,Total energy consumed by the electric power sector.,Billion Btu,1,,,,,1184355.608,,
1219685,TEICB,GA,2000,950760.115,Total energy consumed by the industrial sector.,Billion Btu,1,,,,,950760.115,,
1231125,TERCB,GA,2000,669965.397,Total energy consumed by the residential sector.,Billion Btu,1,,,,,669965.397,,
1246538,TETGR,GA,2000,9.05373,Total energy consumed per dollar of real gross domestic product.,Thousand Btu per chained (2000) dollar,1,,,,,9.05373,,
1259881,TNACB,GA,2000,860113.9604,Total energy consumed by the transportation sector excluding the sector's share of electrical system energy losses.,Billion Btu,1,,,,,860113.9604,,
1262481,TNCCB,GA,2000,206907.6409,Total energy consumed by the commercial sector excluding the sector's share of electrical system energy losses.,Billion Btu,1,,,,,206907.6409,,
1265081,TNICB,GA,2000,672289.9254,Total energy consumed by the industrial sector excluding the sector's share of electrical system energy losses.,Billion Btu,1,,,,,672289.9254,,6132085.787
1267681,TNRCB,GA,2000,326096.6035,Total energy consumed by the residential sector excluding the sector's share of electrical system energy losses.,Billion Btu,1,,,,,326096.6035,,
1270171,TNSCB,GA,2000,2001425.046,Total primary energy and electricity consumed.,Billion Btu,1,,,,,2001425.046,,
1272361,TNTXB,GA,2000,2065408.13,Total primary energy and electricity consumed by the end-use sectors.,Billion Btu,1,,,,,2065408.13,,
1277561,UOICB,GA,2000,-132.73218,Unfinished oils consumed by the industrial sector.,Billion Btu,1,,,,,-132.73218,,
1280161,UOICP,GA,2000,-22.78664,Unfinished oils consumed by the industrial sector.,Thousand barrels,1,,,,,-22.78664,,
1282761,USICB,GA,2000,0,Unfractionated stream consumed by the industrial sector.,Billion Btu,1,,,,,0,,
1285361,USICP,GA,2000,0,Unfractionated stream consumed by the industrial sector.,Thousand barrels,1,,,,,0,,
1287961,WDCCB,GA,2000,2251.91749,Wood consumed by the commercial sector,Billion Btu,1,,,,,2251.91749,,
1290561,WDEIB,GA,2000,0,Wood and waste consumed by the electric power sector.,Billion Btu,1,,,,,0,,
1293161,WDICB,GA,2000,175240.6668,Wood consumed by the industrial sector.,Billion Btu,1,,,,,175240.6668,,
1295761,WDRCB,GA,2000,13789.8678,Wood consumed by the residential sector.,Billion Btu,1,,,,,13789.8678,,
1300441,WDRCP,GA,2000,689.49339,Wood consumed by the residential sector.,Thousand cords,1,,,,,689.49339,,
1305011,WDRSB,GA,2000,5391.83831,Wood consumed in the residential sector at a cost.,Billion Btu,1,,,,,5391.83831,,
1307091,WDRXB,GA,2000,8398.02949,Wood consumed in the residential sector at no cost.,Billion Btu,1,,,,,8398.02949,,
1309281,WSCCB,GA,2000,0,Waste consumed by the commercial sector,Billion Btu,1,,,,,0,,
1311881,WSEIB,GA,2000,96,Waste consumed by the electric power sector.,Billion Btu,1,,,,,96,,
1314481,WSICB,GA,2000,5505.99369,Waste consumed by the industrial sector.,Billion Btu,1,,,,,5505.99369,,
1317081,WWCCB,GA,2000,2251.91749,Wood and waste consumed by the commercial sector.,Billion Btu,1,,,,,2251.91749,,
1323731,WWCSB,GA,2000,880.49974,Wood and waste consumed in the commercial sector at a cost.,Billion Btu,1,,,,,880.49974,,
1325811,WWCXB,GA,2000,1371.41775,Wood and waste consumed in the commercial sector at no cost.,Billion Btu,1,,,,,1371.41775,,
1328001,WWEIB,GA,2000,96,Wood and waste consumed by the electric power sector.,Billion Btu,1,,,,,96,,
1334761,WWICB,GA,2000,180746.6605,Wood and waste consumed by the industrial sector.,Billion Btu,1,,,,,180746.6605,,
1341411,WWISB,GA,2000,156727.0046,Wood and waste consumed in the industrial sector at a cost.,Billion Btu,1,,,,,156727.0046,,
1343491,WWIXB,GA,2000,24019.65592,Wood and waste consumed in the industrial sector at no cost.,Billion Btu,1,,,,,24019.65592,,
1359201,WXICB,GA,2000,1395.7153,Waxes consumed by the industrial sector.,Billion Btu,1,,,,,1395.7153,,
1363881,WXICP,GA,2000,252.07067,Waxes consumed by the industrial sector.,Thousand barrels,1,,,,,252.07067,,
8297,ARICD,GA,2000,3.63453,Asphalt and road oil price in the industrial sector.,Dollars per million Btu,,1,,,,,,
12977,ARICV,GA,2000,136.1014,Asphalt and road oil expenditures in the industrial sector.,Million dollars,,,1,,,,,
15167,ARTCB,GA,2000,37446.76883,Asphalt and road oil total consumption.,Billion Btu,,,,,,,,
17657,ARTCD,GA,2000,3.63453,"Asphalt and road oil average price, all sectors.",Dollars per million Btu,,1,,,,,,
19847,ARTCP,GA,2000,5642.973,Asphalt and road oil total consumption.,Thousand barrels,,,,,,,,
22337,ARTCV,GA,2000,136.1014,Asphalt and road oil total expenditures.,Million dollars,,,1,,,,,
24527,ARTXB,GA,2000,37446.76883,Asphalt and road oil total end-use consumption.,Billion Btu,,,,,,,,
27017,ARTXD,GA,2000,3.63453,"Asphalt and road oil average price, all end-use sectors.",Dollars per million Btu,,1,,,,,,
29207,ARTXP,GA,2000,5642.973,Asphalt and road oil total end-use consumption.,Thousand barrels,,,,,,,,
31697,ARTXV,GA,2000,136.1014,Asphalt and road oil total end-use expenditures.,Million dollars,,,1,,,,,
36377,AVACD,GA,2000,10.86609,Aviation gasoline price in the transportation sector.,Dollars per million Btu,,1,,,,,,
41057,AVACV,GA,2000,5.83494,Aviation gasoline expenditures in the transportation sector.,Million dollars,,,1,,,,,
43247,AVTCB,GA,2000,536.98625,Aviation gasoline total consumption.,Billion Btu,,,,,,,,
45737,AVTCD,GA,2000,10.86609,"Aviation gasoline average price, all sectors.",Dollars per million Btu,,1,,,,,,
47927,AVTCP,GA,2000,106.37604,Aviation gasoline total consumption.,Thousand barrels,,,,,,,,
50417,AVTCV,GA,2000,5.83494,Aviation gasoline total expenditures.,Million dollars,,,1,,,,,
52607,AVTXB,GA,2000,536.98625,Aviation gasoline total end-use consumption.,Billion Btu,,,,,,,,
55097,AVTXD,GA,2000,10.86609,"Aviation gasoline average price, all end-use sectors.",Dollars per million Btu,,1,,,,,,
57287,AVTXP,GA,2000,106.37604,Aviation gasoline total end-use consumption.,Thousand barrels,,,,,,,,
59777,AVTXV,GA,2000,5.83494,Aviation gasoline total end-use expenditures.,Million dollars,,,1,,,,,
61967,BMTCB,GA,2000,196884.4458,Biomass total consumption,Billion Btu,,,,,,,,
67557,CLACD,GA,2000,0,Coal price in the transportation sector.,Dollars per million Btu,,1,,,,,,
74836,CLACV,GA,2000,0,Coal expenditures in the transportation sector.,Million dollars,,,1,,,,,
79516,CLCCD,GA,2000,1.65306,Coal price in the commercial sector.,Dollars per million Btu,,1,,,,,,
84196,CLCCV,GA,2000,0.32349,Coal expenditures in the commercial sector.,Million dollars,,,1,,,,,
88876,CLEID,GA,2000,1.5421,Coal price in the electric power sector.,Dollars per million Btu,,1,,,,,,
96156,CLEIV,GA,2000,1184.75983,Coal expenditures in the electric power sector.,Million dollars,,,1,,,,,
103436,CLICD,GA,2000,1.65306,Coal price in the industrial sector.,Million dollars,,1,,,,,,
108116,CLICV,GA,2000,84.09652,Coal expenditures in the industrial sector.,Million dollars,,,1,,,,,
112796,CLKCD,GA,2000,0,Coal price at coke plants.,Dollars per million Btu,,1,,,,,,
114986,CLKCK,GA,2000,0,Factor for converting coal carbonized at coke plants from physical units to Btu.,Million Btu per short ton,,,,1,,,,
120076,CLKCV,GA,2000,0,Coal expenditures at coke plants.,Million dollars,,,1,,,,,
124756,CLOCD,GA,2000,1.65306,Coal price in the industrial sector other than coke plants.,Dollars per million Btu,,1,,,,,,
132036,CLOCV,GA,2000,84.09652,Coal expenditures in the industrial sector other than coke plants.,Million dollars,,,1,,,,,
136306,CLPRB,GA,2000,0,Coal production.,Billion Btu,,,,,,,,
138906,CLPRK,GA,2000,0,Factor for converting coal production from physical units to Btu.,Million Btu per short ton,,,,1,,,,
141506,CLPRP,GA,2000,0,Coal production.,Thousand short tons,,,,,,,,
146596,CLRCD,GA,2000,2.98707,Coal price in the residential sector.,Dollars per million Btu,,1,,,,,,
151276,CLRCV,GA,2000,0.07225,Coal expenditures in the residential sector.,Million dollars,,,1,,,,,
155546,CLTCB,GA,2000,819529.7322,Coal total consumption.,Billion Btu,,,,,,,,
158036,CLTCD,GA,2000,1.54906,"Coal average price, all sectors.",Dollars per million Btu,,1,,,,,,
160226,CLTCP,GA,2000,35148.97589,Coal total consumption.,Thousand short tons,,,,,,,,
162716,CLTCV,GA,2000,1269.25209,Coal total expenditures.,Million dollars,,,1,,,,,
164906,CLTXB,GA,2000,51252.81651,Coal total end-use consumption.,Billion Btu,,,,,,,,
167396,CLTXD,GA,2000,1.653691523,"Coal average price, all end-use sectors.",Dollars per million Btu,,1,,,,,,
169586,CLTXP,GA,2000,1998.78389,Coal total end-use consumption.,Thousand barrels,,,,,,,,
172076,CLTXV,GA,2000,84.49226,Coal total end-use expenditures.,Million dollars,,,1,,,,,
174156,CLXCD,GA,2000,1.54906,Coal average price for all sectors excluding refinery fuel.,Dollars per million Btu,,1,,,,,,
176236,CLXCV,GA,2000,1269.25209,Coal expenditures for all sectors excluding refinery fuel.,Million dollars,,,1,,,,,
183626,COPRK,GA,2000,0,Factor for converting crude oil production from physical units to Btu.,Million Btu per barrel,,,,1,,,,
188716,DFACD,GA,2000,9.40802,Distillate fuel oil price in the transportation sector.,Dollars per million Btu,,1,,,,,,
193396,DFACV,GA,2000,1852.52006,Distillate fuel oil expenditures in the transportation sector.,Million dollars,,,1,,,,,
198076,DFCCD,GA,2000,7.23626,Distillate fuel oil price in the commercial sector.,Dollars per million Btu,,1,,,,,,
202756,DFCCV,GA,2000,52.16598,Distillate fuel oil expenditures in the commercial sector.,Million dollars,,,1,,,,,
204836,DFEID,GA,2000,6.906,Distillate fuel oil price in the electric power sector.,Dollars per million Btu,,1,,,,,,
206916,DFEIV,GA,2000,40.58177,Distillate fuel oil expenditures in the electric power sector.,Million dollars,,,1,,,,,
211596,DFICD,GA,2000,7.53621,Distillate fuel oil price in the industrial sector.,Dollars per million Btu,,1,,,,,,
216276,DFICV,GA,2000,280.87354,Distillate fuel oil expenditures in the industrial sector.,Million dollars,,,1,,,,,
223036,DFRCD,GA,2000,9.72583,Distillate fuel oil price in the residential sector.,Dollars per million Btu,,1,,,,,,
227716,DFRCV,GA,2000,4.05557,Distillate fuel oil expenditures in the residential sector.,Million dollars,,,1,,,,,
231986,DFTCB,GA,2000,248127.3631,Distillate fuel oil total consumption.,Billion Btu,,,,,,,,
234476,DFTCD,GA,2000,9.00432,"Distillate fuel oil average price, all sectors.",Dollars per million Btu,,1,,,,,,
236666,DFTCP,GA,2000,42596.97219,Distillate fuel oil total consumption.,Thousand barrels,,,,,,,,
239156,DFTCV,GA,2000,2230.19692,Distillate fuel oil total expenditures.,Million dollars,,,1,,,,,
241346,DFTXB,GA,2000,242251.0565,Distillate fuel oil total end-use consumption.,Billion Btu,,,,,,,,
243836,DFTXD,GA,2000,9.055314558,"Distillate fuel oil average price, all end-use sectors.",Dollars per million Btu,,1,,,,,,
246026,DFTXP,GA,2000,41588.1642,Distillate fuel oil total end-use consumption.,Thousand barrels,,,,,,,,
248516,DFTXV,GA,2000,2189.61515,Distillate fuel oil total end-use expenditures.,Million dollars,,,1,,,,,
253196,DKEID,GA,2000,6.906,Distillate fuel oil and kerosene-type jet fuel average price in the electric power sector.,Dollars per million Btu,,1,,,,,,
257876,DKEIV,GA,2000,40.58177,Distillate fuel oil and kerosene-type jet fuel expenditures in the electric power sector.,Million dollars,,,1,,,,,
260066,ELEXB,GA,2000,0,Electricity exported from the United States.,Billion Btu,,,,,,,,
262556,ELEXD,GA,2000,0,Electricity exports average price.,Dollars per million Btu,,1,,,,,,
264746,ELEXP,GA,2000,0,Electricity exported from the United States.,Million kilowatthours,,,,,,,,
267236,ELEXV,GA,2000,0,Electricity exports expenditures.,Million dollars,,,1,,,,,
269426,ELIMB,GA,2000,0,Electricity imported into the United States.,Billion Btu,,,,,,,,
271916,ELIMD,GA,2000,0,Electricity imports average price.,Dollars per million Btu,,1,,,,,,
274106,ELIMP,GA,2000,0,Electricity imported into the United States.,Million kilowatthours,,,,,,,,
276596,ELIMV,GA,2000,0,Electricity imports expenditures.,Million dollars,,,1,,,,,
278786,ELISB,GA,2000,142053.3664,Net interstate sales of electricity and associated losses (negative and positive values).,Billion Btu,,,,,,,,
281386,ELNIB,GA,2000,0,Net imports of electricity into the United States.,Billion Btu,,,,,,,,
283986,ELNIP,GA,2000,0,Net imports of electricity into the United States.,Million kilowatthours,,,,,,,,
289076,EMACV,GA,2000,0,"Fuel ethanol, excluding denaturant, expenditures in the transportation sector.",Million dollars,,,1,,,,,
293756,EMCCV,GA,2000,0,"Fuel ethanol, excluding denaturant, expenditures in the commercial sector.",Million dollars,,,1,,,,,
295946,EMFDB,GA,2000,0,Biomass inputs (feedstock) for the production of fuel ethanol.,Billion Btu,,,,,,,,
301036,EMICV,GA,2000,0,"Fuel ethanol, excluding denaturant, expenditures in the industrial sector.",Million dollars,,,1,,,,,
303226,EMLCB,GA,2000,0,Energy losses and co-products from the production of fuel ethanol.,Billion Btu,,,,,,,,
305826,EMTCB,GA,2000,0,"Fuel ethanol, excluding denaturant, total consumption.",Billion Btu,,,,,,,,
308366,EMTCV,GA,2000,0,"Fuel ethanol, excluding denaturant, total expenditures.",Million dollars,,,1,,,,,
318356,ENPRP,GA,2000,0,"Fuel ethanol production, including denaturant.",Thousand barrels,,,,,,,,
321006,ENTCP,GA,2000,0,"Fuel ethanol, including denaturant, total consumption.",Thousand barrels,,,,,,,,
326096,ESACD,GA,2000,20.57452,Electricity price in the transportation sector.,Dollars per million Btu,,1,,,,,,
330776,ESACV,GA,2000,6.75808,Electricity expenditures in the transportation sector.,Million dollars,,,1,,,,,
335456,ESCCD,GA,2000,19.27626,Electricity price in the commercial sector.,Dollars per million Btu,,1,,,,,,
340136,ESCCV,GA,2000,2528.44929,Electricity expenditures in the commercial sector.,Million dollars,,,1,,,,,
344816,ESICD,GA,2000,12.0286,Electricity price in the industrial sector.,Dollars per million Btu,,1,,,,,,
349496,ESICV,GA,2000,1445.49723,Electricity expenditures in the industrial sector.,Million dollars,,,1,,,,,
351576,ESISB,GA,2000,120171.6932,Electricity sales to the industrial sector excluding refinery use.,Billion Btu,,,,,,,,
356256,ESRCD,GA,2000,22.27256,Electricity price in the residential sector.,Dollars per million Btu,,1,,,,,,
360936,ESRCV,GA,2000,3386.29075,Electricity expenditures in the residential sector.,Million dollars,,,1,,,,,
365206,ESTCB,GA,2000,406659.4793,"Electricity total consumption (i.e., sold).",Billion Btu,,,,,,,,
367696,ESTCD,GA,2000,18.24833,"Electricity average price, all sectors.",Dollars per million Btu,,1,,,,,,
369886,ESTCP,GA,2000,119185.076,"Electricity total consumption (i.e., sold).",Million kilowatthours,,,,,,,,
372376,ESTCV,GA,2000,7366.99535,Electricity total expenditures.,Million dollars,,,1,,,,,
374566,ESTXB,GA,2000,406659.4793,"Electricity total end-use consumption (i.e., sold).",Billion Btu,,,,,,,,
377056,ESTXD,GA,2000,18.24832967,"Electricity average price, all end-use sectors.",Dollars per million Btu,,1,,,,,,
379246,ESTXP,GA,2000,119185.076,"Electricity total end-use consumption (i.e., sold).",Thousand barrels,,,,,,,,
381736,ESTXV,GA,2000,7366.99535,Electricity total end-use expenditures.,Million dollars,,,1,,,,,
383976,FFTCB,GA,2000,2281926.569,"Fossil fuelS, total consumption.",Billion Btu,,,,,,,,
389066,FNICD,GA,2000,6.62344,"Petrochemical feedstocks, naphtha less than 401 F, price in the industrial sector.",Dollars per million Btu,,1,,,,,,
393746,FNICV,GA,2000,65.64019,"Petrochemical feedstocks, naphtha less than 401 F, expenditures in the industrial sector.",Million dollars,,,1,,,,,
398426,FOICD,GA,2000,7.79636,"Petrochemical feedstocks, other oils equal to or greater than 401 degrees F, price in the industrial sector.",Dollars per million Btu,,1,,,,,,
403106,FOICV,GA,2000,90.94318,"Petrochemical feedstocks, other oils equal to or greater than 401 degrees F, expenditures in the industrial sector.",Million dollars,,,1,,,,,
407786,FSICD,GA,2000,0,"Petrochemical feedstocks, still gas, price in the industrial sector.",Dollars per million Btu,,1,,,,,,
412466,FSICV,GA,2000,0,"Petrochemical feedstocks, still gas, expenditures in the industrial sector.",Million dollars,,,1,,,,,
414546,GDPRV,GA,2000,294479,Current-dollar gross domestic product.,Million dollars,,,,,,,,
416549,GDPRX,GA,2000,329716,Real gross domestic product.,Million chained (2005) dollars,,,,,,,,
418452,GECCB,GA,2000,7.2,Direct use of geothermal energy and heat pumps in the commercial sector.,Billion Btu,,,,,,,,
421052,GEEGB,GA,2000,0,Electricity produced from geothermal energy by the electric power sector.,Billion Btu,,,,,1,,,
423652,GEEGP,GA,2000,0,Electricity produced from geothermal energy by the electric power sector.,Million kilowatthours,,,,,1,,,
426252,GEICB,GA,2000,20.8,Direct use of geothermal energy and heat pumps in the industrial sector.,Billion Btu,,,,,,,,
428852,GERCB,GA,2000,63.4,Direct use of geothermal energy and heat pumps in the residential sector.,Billion Btu,,,,,,,,
431452,GETCB,GA,2000,91.4,Geothermal energy total consumption.,Billion Btu,,,,,,,,
434052,GETXB,GA,2000,91.4,Geothermal total end-use consumption.,Billion Btu,,,,,,,,
436542,GETXV,GA,2000,0,,,,,,,,,,
442892,HYCCB,GA,2000,0,Hydroelectricity produced in the commercial sector.,Billion Btu,,,,,1,,,
445492,HYCCP,GA,2000,0,Hydroelectricity produced in the commercial sector.,Million kilowatthours,,,,,1,,,
448092,HYEGB,GA,2000,25086.52362,Hydroelectricity produced by the electric power sector.,Billion Btu,,,,,1,,,
450692,HYEGP,GA,2000,2459.222,Hydroelectricity produced by the electric power sector.,Million kilowatthours,,,,,1,,,
453292,HYICB,GA,2000,220.08658,Hydroelectricity produced in the industrial sector.,Billion Btu,,,,,1,,,
455892,HYICP,GA,2000,21.575,Hydroelectricity produced in the industrial sector.,Million kilowatthours,,,,,1,,,
458492,HYTCB,GA,2000,25306.6102,Hydroelectricity total production.,Billion Btu,,,,,,,,
461092,HYTCP,GA,2000,2480.797,Hydroelectricity total production.,Million kilowatthours,,,,,,,,
463692,HYTXB,GA,2000,220.08658,Hydroelectricity produced by the end-use sectors.,Billion Btu,,,,,1,,,
466292,HYTXP,GA,2000,21.575,Hydroelectricity produced by the end-use sectors.,Million kilowatthours,,,,,1,,,
468782,HYTXV,GA,2000,0,,,,,,,,,,
473462,JFACD,GA,2000,6.37778,Jet fuel price in the transportation sector.,Dollars per million Btu,,1,,,,,,
478142,JFACV,GA,2000,471.75187,Jet fuel expenditures in the transportation sector.,Million dollars,,,1,,,,,
480332,JFTCB,GA,2000,73968.0375,Jet fuel total consumption.,Billion Btu,,,,,,,,
482822,JFTCD,GA,2000,6.37778,"Jet fuel average price, all sectors.",Dollars per million Btu,,1,,,,,,
485012,JFTCP,GA,2000,13045.50926,Jet fuel total consumption.,Thousand barrels,,,,,,,,
487502,JFTCV,GA,2000,471.75187,Jet fuel total expenditures.,Million dollars,,,1,,,,,
489692,JFTXB,GA,2000,73968.0375,Jet fuel total end-use consumption.,Billion Btu,,,,,,,,
492182,JFTXD,GA,2000,6.37778,"Jet fuel average price, all end-use sectors.",Dollars per million Btu,,1,,,,,,
494372,JFTXP,GA,2000,13045.50926,Jet fuel total end-use consumption.,Thousand barrels,,,,,,,,
496862,JFTXV,GA,2000,471.75187,Jet fuel total end-use expenditures.,Million dollars,,,1,,,,,
504252,JKTCB,GA,2000,73968.0375,Kerosene-type jet fuel total consumption.,Billion Btu,,,,,,,,
506852,JKTCP,GA,2000,13045.50926,Kerosene-type jet fuel total consumption.,Thousand barrels,,,,,,,,
514652,JNTCB,GA,2000,0,Naphtha-type jet fuel total consumption.,Billion Btu,,,,,,,,
517252,JNTCP,GA,2000,0,Naphtha-type jet fuel total consumption.,Thousand barrels,,,,,,,,
522342,KSCCD,GA,2000,8.39704,Kerosene price in the commercial sector.,Dollars per million Btu,,1,,,,,,
527022,KSCCV,GA,2000,1.95194,Kerosene expenditures in the commercial sector.,Million dollars,,,1,,,,,
531702,KSICD,GA,2000,8.09659,Kerosene price in the industrial sector.,Dollars per million Btu,,1,,,,,,
536382,KSICV,GA,2000,1.87528,Kerosene expenditures in the industrial sector.,Million dollars,,,1,,,,,
541062,KSRCD,GA,2000,8.39704,Kerosene price in the residential sector.,Dollars per million Btu,,1,,,,,,
545742,KSRCV,GA,2000,9.42047,Kerosene expenditures in the residential sector.,Million dollars,,,1,,,,,
547932,KSTCB,GA,2000,1585.94941,Kerosene total consumption.,Billion Btu,,,,,,,,
550422,KSTCD,GA,2000,8.35316,"Kerosene average price, all sectors.",Dollars per million Btu,,1,,,,,,
552612,KSTCP,GA,2000,279.70889,Kerosene total consumption.,Thousand barrels,,,,,,,,
555102,KSTCV,GA,2000,13.24769,Kerosene total expenditures.,Million dollars,,,1,,,,,
557292,KSTXB,GA,2000,1585.94941,Kerosene total end-use consumption.,Billion Btu,,,,,,,,
559782,KSTXD,GA,2000,8.353161989,"Kerosene average price, all end-use sectors.",Dollars per million Btu,,1,,,,,,
561972,KSTXP,GA,2000,279.70889,Kerosene total end-use consumption.,Thousand barrels,,,,,,,,
564462,KSTXV,GA,2000,13.24769,Kerosene total end-use expenditures.,Million dollars,,,1,,,,,
569142,LGACD,GA,2000,15.61464,LPG price in the transportation sector.,Dollars per million Btu,,1,,,,,,
573822,LGACV,GA,2000,6.61942,LPG expenditures in the transportation sector.,Million dollars,,,1,,,,,
578502,LGCCD,GA,2000,12.94536,LPG price in the commercial sector.,Dollars per million Btu,,1,,,,,,
583182,LGCCV,GA,2000,62.09983,LPG expenditures in the commercial sector.,Million dollars,,,1,,,,,
587862,LGICD,GA,2000,11.9025,LPG price in the industrial sector.,Dollars per million Btu,,1,,,,,,
592542,LGICV,GA,2000,146.40846,LPG expenditures in the industrial sector.,Million dollars,,,1,,,,,
599302,LGRCD,GA,2000,16.13024,LPG price in the residential sector.,Dollars per million Btu,,1,,,,,,
603982,LGRCV,GA,2000,242.36556,LPG expenditures in the residential sector.,Million dollars,,,1,,,,,
608252,LGTCB,GA,2000,32865.1805,LPG total consumption.,Billion Btu,,,,,,,,
610742,LGTCD,GA,2000,14.05631,"LPG average price, all sectors.",Dollars per million Btu,,1,,,,,,
612982,LGTCP,GA,2000,9111.5,LPG total consumption.,Thousand barrels,,,,,,,,
615472,LGTCV,GA,2000,457.49327,LPG total expenditures.,Million dollars,,,1,,,,,
617662,LGTXB,GA,2000,32865.1805,LPG total end-use consumption.,Billion Btu,,,,,,,,
620152,LGTXD,GA,2000,14.05630892,"LPG average price, all end-use sectors.",Dollars per million Btu,,1,,,,,,
622342,LGTXP,GA,2000,9111.5,LPG total end-use consumption.,Thousand barrels,,,,,,,,
624832,LGTXV,GA,2000,457.49327,LPG total end-use expenditures.,Million dollars,,,1,,,,,
627022,LOACB,GA,2000,742.90315,The transportation sector's share of electrical system energy losses.,Billion Btu,,,,,,,,
629622,LOCCB,GA,2000,296667.6085,The commercial sector's share of electrical system energy losses.,Billion Btu,,,,,,,,
632222,LOICB,GA,2000,278470.1896,The industrial sector's share of electrical system energy losses.,Billion Btu,,,,,,,,
634822,LORCB,GA,2000,343868.7935,The residential sector's share of electrical system energy losses.,Billion Btu,,,,,,,,
637422,LOTCB,GA,2000,919749.4947,Total electrical system energy losses.,Billion Btu,,,,,,,,
640022,LOTXB,GA,2000,919749.4947,Total electrical system energy losses allocated to the end-use sectors.,Billion Btu,,,,,,,,
645112,LUACD,GA,2000,17.98947,Lubricants price in the transportation sector.,Dollars per million Btu,,1,,,,,,
649792,LUACV,GA,2000,70.31882,Lubricants expenditures in the transportation sector.,Million dollars,,,1,,,,,
654472,LUICD,GA,2000,17.98947,Lubricants price in the industrial sector.,Dollars per million Btu,,1,,,,,,
659152,LUICV,GA,2000,71.95177,Lubricants expenditures in the industrial sector.,Million dollars,,,1,,,,,
661342,LUTCB,GA,2000,7908.54791,Lubricants total consumption.,Billion Btu,,,,,,,,
663832,LUTCD,GA,2000,17.98947,"Lubricants average price, all sectors.",Dollars per million Btu,,1,,,,,,
666022,LUTCP,GA,2000,1303.96503,Lubricants total consumption.,Thousand barrels,,,,,,,,
668512,LUTCV,GA,2000,142.27059,"Lubricants average price, all sectors.",Million dollars,,1,,,,,,
670702,LUTXB,GA,2000,7908.54791,Lubricants total end-use consumption.,Billion Btu,,,,,,,,
673192,LUTXD,GA,2000,17.98947,"Lubricants average price, all end-use sectors.",Dollars per million Btu,,1,,,,,,
675382,LUTXP,GA,2000,1303.96503,Lubricants total end-use consumption.,Thousand barrels,,,,,,,,
677872,LUTXV,GA,2000,142.27059,Lubricants total end-use expenditures.,Million dollars,,,1,,,,,
687752,MGACD,GA,2000,10.36699,Motor gasoline price in the transportation sector.,Dollars per million Btu,,1,,,,,,
692294,MGACV,GA,2000,5936.77329,Motor gasoline expenditures in the transportation sector.,Million dollars,,,1,,,,,
697045,MGCCD,GA,2000,10.36699,Motor gasoline price in the commercial sector.,Dollars per million Btu,,1,,,,,,
701725,MGCCV,GA,2000,12.03202,Motor gasoline expenditures in the commercial sector.,Million dollars,,,1,,,,,
706405,MGICD,GA,2000,10.36699,Motor gasoline price in the industrial sector.,Dollars per million Btu,,1,,,,,,
711085,MGICV,GA,2000,52.96941,Motor gasoline expenditures in the industrial sector.,Million dollars,,,1,,,,,
713275,MGTCB,GA,2000,578931.2744,Motor gasoline total consumption.,Billion Btu,,,,,,,,
715765,MGTCD,GA,2000,10.36699,"Motor gasoline average price, all sectors.",Dollars per million Btu,,1,,,,,,
718005,MGTCP,GA,2000,111119.2465,Motor gasoline total consumption.,Thousand barrels,,,,,,,,
720495,MGTCV,GA,2000,6001.77472,Motor gasoline total expenditures.,Million dollars,,,1,,,,,
722685,MGTXB,GA,2000,578931.2744,Motor gasoline total end-use consumption.,Billion Btu,,,,,,,,
725175,MGTXD,GA,2000,10.36699,"Motor gasoline average price, all end-use sectors.",Dollars per million Btu,,1,,,,,,
727365,MGTXP,GA,2000,111119.2465,Motor gasoline total end-use consumption.,Thousand barrels,,,,,,,,
729855,MGTXV,GA,2000,6001.77472,Motor gasoline total end-use expenditures.,Million dollars,,,1,,,,,
732045,MMTCB,GA,2000,578931.2744,Motor gasoline total consumption excluding fuel ethanol.,Billion Btu,,,,,,,,
737135,MSICD,GA,2000,9.06847,Miscellaneous petroleum products price in the industrial sector.,Dollars per million Btu,,1,,,,,,
741815,MSICV,GA,2000,17.4615,Miscellaneous petroleum products expenditures in the industrial sector.,Million dollars,,,1,,,,,
751695,NGACD,GA,2000,6.31218,Natural gas price in the transportation sector.,Dollars per million Btu,,1,,,,,,
756375,NGACV,GA,2000,2.95213,Natural gas expenditures in the transportation sector.,Million dollars,,,1,,,,,
761055,NGCCD,GA,2000,6.90414,Natural gas price in the commercial sector (including supplemental gaseous fuels).,Dollars per million Btu,,1,,,,,,
765735,NGCCV,GA,2000,413.31749,Natural gas expenditures in the commercial sector (including supplemental gaseous fuels).,Million dollars,,,1,,,,,
770415,NGEID,GA,2000,4.1764,Natural gas price in the electric power sector (including supplemental gaseous fuels).,Dollars per million Btu,,1,,,,,,
777695,NGEIV,GA,2000,178.34883,Natural gas expenditures in the electric power sector (including supplemental gaseous fuels).,Million dollars,,,1,,,,,
782375,NGICD,GA,2000,4.74353,Natural gas price in the industrial sector (including supplemental gaseous fuels).,Dollars per million Btu,,1,,,,,,
787055,NGICV,GA,2000,747.67168,Natural gas expenditures in the industrial sector (including supplemental gaseous fuels).,Million dollars,,,1,,,,,
796525,NGMPB,GA,2000,0,Natural gas marketed production.,Billion Btu,,,,,,,,
799125,NGMPK,GA,2000,0,Conversion factor for natural gas marketed production.,Thousand Btu per cubic feet,,,,,,,,
801725,NGMPP,GA,2000,0,Natural gas marketed production.,Million cubic feet,,,,,,,,
812015,NGRCD,GA,2000,8.22997,Natural gas price in the residential sector (including supplemental gaseous fuels).,Dollars per million Btu,,1,,,,,,
816695,NGRCV,GA,2000,1180.2241,Natural gas expenditures in the residential sector (including supplemental gaseous fuels).,Million dollars,,,1,,,,,
820965,NGTCB,GA,2000,421336.5209,Natural gas total consumption (including supplemental gaseous fuels).,Billion Btu,,,,,,,,
823455,NGTCD,GA,2000,6.24289,"Natural gas average price, all sectors (including supplemental gaseous fuels).",Dollars per million Btu,,1,,,,,,
825645,NGTCK,GA,2000,1.018,Factor for converting natural gas total consumption from physical units to Btu.,Thousand Btu per cubic foot,,,,1,,,,
828245,NGTCP,GA,2000,413886.5627,Natural gas total consumption (including supplemental gaseous fuels).,Million cubic feet,,,,,,,,
830735,NGTCV,GA,2000,2522.51423,Natural gas total expenditures (including supplemental gaseous fuels).,Million dollars,,,1,,,,,
832925,NGTXB,GA,2000,378631.495,Natural gas total end-use consumption (including supplemental gaseous fuels).,Billion Btu,,,,,,,,
835415,NGTXD,GA,2000,6.487104249,"Natural gas average price, all end-use sectors (including supplemental gaseous fuels).",Dollars per million Btu,,1,,,,,,
840205,NGTXP,GA,2000,371852.6217,Natural gas total end-use consumption (including supplemental gaseous fuels).,Million cubic feet,,,,,,,,
842695,NGTXV,GA,2000,2344.1654,Natural gas total end-use expenditures (including supplemental gaseous fuels).,Million dollars,,,1,,,,,
863085,NNTCB,GA,2000,421262.2898,Natural gas total consumption (excluding supplemental gaseous fuels).,Billion Btu,,,,,,,,
865685,NUEGB,GA,2000,338660.2391,Electricity produced from nuclear power by the electric power sector.,Billion Btu,,,,,1,,,
868175,NUEGD,GA,2000,0.4546,Nuclear fuel price in the electric power sector.,Dollars per million Btu,,1,,,,,,
870365,NUEGP,GA,2000,32472.935,Electricity produced from nuclear power by the electric power sector.,Million kilowatthours,,,,,1,,,
872855,NUEGV,GA,2000,153.95494,Nuclear fuel expenditures in the electric power sector.,Million dollars,,,1,,,,,
875045,NUETB,GA,2000,338660.2391,Electricity produced from nuclear power.,Billion Btu,,,,,1,,,
877535,NUETD,GA,2000,0.4546,"Nuclear fuel average price, all sectors.",Dollars per million Btu,,1,,,,,,
879775,NUETP,GA,2000,32472.935,Electricity produced from nuclear power.,Million kilowatthours,,,,,1,,,
882265,NUETV,GA,2000,153.95494,Nuclear fuel total expenditures.,Million dollars,,,1,,,,,
886945,P1ICD,GA,2000,5.91821,"Asphalt and road oil, kerosene, lubricants, and ""other petroleum products"" average price in the  industrial sector.",Dollars per million Btu,,1,,,,,,
891625,P1ICV,GA,2000,464.67361,"Asphalt and road oil, kerosene, lubricants, and ""other petroleum products"" expenditures in the  industrial sector.",Million dollars,,,1,,,,,
893815,P1TCB,GA,2000,90206.81262,"Asphalt and road oil, aviation gasoline, kerosene, lubricants, and ""other petroleum products"" total consumption.",Billion Btu,,,,,,,,
896305,P1TCD,GA,2000,6.54916,"Asphalt and road oil, aviation gasoline, kerosene, lubricants, and ""other petroleum products"" average price, all sectors.",Dollars per million Btu,,1,,,,,,
898495,P1TCP,GA,2000,15137.11103,"Asphalt and road oil, aviation gasoline, kerosene, lubricants, and ""other petroleum products"" total consumption.",Thousand barrels,,,,,,,,
900985,P1TCV,GA,2000,552.19978,"Asphalt and road oil, aviation gasoline, kerosene, lubricants, and ""other petroleum products"" total expenditures.",Million dollars,,,1,,,,,
903175,P1TXB,GA,2000,90206.81262,"Asphalt and road oil, aviation gasoline, kerosene, lubricants, and ""other petroleum products"" total end-use consumption.",Billion Btu,,,,,,,,
905665,P1TXD,GA,2000,6.549160917,"Asphalt and road oil, aviation gasoline, kerosene, lubricants, and ""other petroleum products"" average price, all end-use sectors.",Dollars per million Btu,,1,,,,,,
907855,P1TXP,GA,2000,15137.11103,"Asphalt and road oil, aviation gasoline, kerosene, lubricants, and ""other petroleum products"" total end-use consumption.",Thousand barrels,,,,,,,,
910345,P1TXV,GA,2000,552.19978,"Asphalt and road oil, aviation gasoline, kerosene, lubricants, and ""other petroleum products"" total end-use expenditures.",Million dollars,,,1,,,,,
917105,PAACD,GA,2000,9.79999,All petroleum products average price in the transportation sector.,Dollars per million Btu,,1,,,,,,
921835,PAACV,GA,2000,8365.06993,All petroleum products total expenditures in the transportation sector.,Million dollars,,,1,,,,,
926515,PACCD,GA,2000,9.5607,All petroleum products average price in the commercial sector.,Dollars per million Btu,,1,,,,,,
931245,PACCV,GA,2000,128.39341,All petroleum products total expenditures in the commercial sector.,Million dollars,,,1,,,,,
935925,PAEID,GA,2000,5.88722,All petroleum products average price in the electric power sector.,Dollars per million Btu,,1,,,,,,
940655,PAEIV,GA,2000,56.16177,All petroleum products total expenditures in the electric power sector.,Million dollars,,,1,,,,,
945385,PAICD,GA,2000,7.00169,All petroleum products average price in the industrial sector.,Dollars per million Btu,,1,,,,,,
950115,PAICV,GA,2000,971.09031,All petroleum products total expenditures in the industrial sector.,Million dollars,,,1,,,,,
952305,PAPRB,GA,2000,0,Crude oil production (including lease condensate).,Billion Btu,,,,,,,,
954905,PAPRP,GA,2000,0,Crude oil production (including lease condensate).,Thousand barrels,,,,,,,,
959995,PARCD,GA,2000,15.44526,All petroleum products average price in the residential sector.,Dollars per million Btu,,1,,,,,,
964725,PARCV,GA,2000,255.8416,All petroleum products total expenditures in the residential sector.,Million dollars,,,1,,,,,
966915,PATCB,GA,2000,1041134.547,All petroleum products total consumption.,Billion Btu,,,,,,,,
969405,PATCD,GA,2000,9.47518,"All petroleum products average price, all sectors.",Dollars per million Btu,,1,,,,,,
971645,PATCP,GA,2000,193720.0382,All petroleum products total consumption.,Thousand barrels,,,,,,,,
974135,PATCV,GA,2000,9776.55702,All petroleum products total expenditures.,Million dollars,,,1,,,,,
976325,PATXB,GA,2000,1031594.944,All petroleum products total end-use consumption.,Billion Btu,,,,,,,,
978815,PATXD,GA,2000,9.508666784,"All petroleum products average price, all end-use sectors.",Dollars per million Btu,,1,,,,,,
981005,PATXP,GA,2000,192128.5522,All petroleum products total end-use consumption.,Thousand barrels,,,,,,,,
983495,PATXV,GA,2000,9720.39525,All petroleum products total end-use expenditures.,Million dollars,,,1,,,,,
988175,PCCCD,GA,2000,0,Petroleum coke price in the commercial sector.,Dollars per million Btu,,1,,,,,,
992855,PCCCV,GA,2000,0,Petroleum coke expenditures in the commercial sector.,Million dollars,,,1,,,,,
997535,PCEID,GA,2000,0,Petroleum coke price in the electric power sector.,Dollars per million Btu,,1,,,,,,
1002215,PCEIV,GA,2000,0,Petroleum coke expenditures in the electric power sector.,Million dollars,,,1,,,,,
1006895,PCICD,GA,2000,0.57706,Petroleum coke price in the industrial sector.,Dollars per million Btu,,1,,,,,,
1011575,PCICV,GA,2000,4.78848,Petroleum coke expenditures in the industrial sector.,Million dollars,,,1,,,,,
1013655,PCISB,GA,2000,8298.06,Petroleum coke price in the industrial sector excluding refinery fuel.,Billion Btu,,1,,,,,,
1018445,PCTCB,GA,2000,8298.06,Petroleum coke total consumption.,Billion Btu,,,,,,,,
1020935,PCTCD,GA,2000,0.57706,"Petroleum coke average price, all sectors.",Dollars per million Btu,,1,,,,,,
1023125,PCTCP,GA,2000,1377.5,Petroleum coke total consumption.,Thousand barrels,,,,,,,,
1025615,PCTCV,GA,2000,4.78848,Petroleum coke total expenditures.,Million dollars,,,1,,,,,
1027695,PEACD,GA,2000,9.79808,Primary energy average price in the transportation sector.,Dollars per million Btu,,1,,,,,,
1029775,PEACV,GA,2000,8368.02206,Primary energy total expenditures in the transportation sector.,Million dollars,,,1,,,,,
1031855,PECCD,GA,2000,7.34001,Primary energy average price in the commercial sector.,Dollars per million Btu,,1,,,,,,
1033935,PECCV,GA,2000,545.88106,Primary energy total expenditures in the commercial sector.,Million dollars,,,1,,,,,
1036015,PEEID,GA,2000,1.35713,Primary energy average price in the electric power sector.,Dollars per million Btu,,1,,,,,,
1038095,PEEIV,GA,2000,1573.28948,Primary energy total expenditures in the electric power sector.,Million dollars,,,1,,,,,
1040175,PEICD,GA,2000,4.02382,Primary energy average price in the industrial sector.,Dollars per million Btu,,1,,,,,,
1042255,PEICV,GA,2000,2027.65457,Primary energy total expenditures in the industrial sector.,Million dollars,,,1,,,,,
1044335,PERCD,GA,2000,8.82598,Primary energy average price in the residential sector.,Dollars per million Btu,,1,,,,,,
1046415,PERCV,GA,2000,1459.69349,Primary energy total expenditures in the residential sector.,Million dollars,,,1,,,,,
1048495,PETCD,GA,2000,5.06876,"Primary energy average price, all sectors.",Dollars per million Btu,,1,,,,,,
1050575,PETCV,GA,2000,13974.54066,Primary energy total expenditures.,Million dollars,,,1,,,,,
1052655,PETXD,GA,2000,7.761859237,"Primary energy average price, all end-use sectors.",Dollars per million Btu,,1,,,,,,
1054735,PETXV,GA,2000,12401.25118,Primary energy total end-use expenditures.,Million dollars,,,1,,,,,
1062125,PMTCB,GA,2000,1041134.547,All petroleum products total consumption excluding fuel ethanol.,Billion Btu,,,,,,,,
1067215,POICD,GA,2000,6.91531,Other petroleum products average price in the industrial sector.,Dollars per million Btu,,1,,,,,,
1071895,POICV,GA,2000,254.74516,Other petroleum products total expenditures in the industrial sector.,Million dollars,,,1,,,,,
1074085,POTCB,GA,2000,42728.56022,Other petroleum products total consumption.,Billion Btu,,,,,,,,
1076575,POTCD,GA,2000,6.91531,"Other petroleum products average price, all sectors.",Dollars per million Btu,,1,,,,,,
1078765,POTCP,GA,2000,7804.08807,Other petroleum products total consumption.,Thousand barrels,,,,,,,,
1081255,POTCV,GA,2000,254.74516,Other petroleum products total expenditures.,Million dollars,,,1,,,,,
1083445,POTXB,GA,2000,42728.56022,Other petroleum products total end-use consumption.,Billion Btu,,,,,,,,
1085935,POTXD,GA,2000,6.91531,"Other petroleum products average price, all end-use sectors.",Dollars per million Btu,,1,,,,,,
1088125,POTXP,GA,2000,7804.08807,Other petroleum products total end-use consumption.,Thousand barrels,,,,,,,,
1090615,POTXV,GA,2000,254.74516,Other petroleum products total end-use expenditures.,Million dollars,,,1,,,,,
1098005,REPRB,GA,2000,222518.5144,Renewable energy production.,Billion Btu,,,,,,,,
1100605,RETCB,GA,2000,222518.5144,Renewable energy total consumption.,Billion Btu,,,,,,,,
1105695,RFACD,GA,2000,4.10912,Residual fuel oil price in the transportation sector.,Dollars per million Btu,,1,,,,,,
1110375,RFACV,GA,2000,21.25153,Residual fuel oil expenditures in the transportation sector.,Million dollars,,,1,,,,,
1115055,RFCCD,GA,2000,4.75915,Residual fuel oil price in the commercial sector.,Dollars per million Btu,,1,,,,,,
1119735,RFCCV,GA,2000,0.14364,Residual fuel oil expenditures in the commercial sector.,Million dollars,,,1,,,,,
1124415,RFEID,GA,2000,4.253,Residual fuel oil price in the electric power sector.,Dollars per million Btu,,1,,,,,,
1129095,RFEIV,GA,2000,15.58,Residual fuel oil expenditures in the electric power sector.,Million dollars,,,1,,,,,
1133775,RFICD,GA,2000,4.75915,Residual fuel oil price in the industrial sector.,Dollars per million Btu,,1,,,,,,
1138455,RFICV,GA,2000,26.16529,Residual fuel oil expenditures in the industrial sector.,Million dollars,,,1,,,,,
1144805,RFTCB,GA,2000,17035.87875,Residual fuel oil total consumption.,Billion Btu,,,,,,,,
1147295,RFTCD,GA,2000,4.396,"Residual fuel oil average price, all sectors.",Dollars per million Btu,,1,,,,,,
1149485,RFTCP,GA,2000,2709.69918,Residual fuel oil total consumption.,Thousand barrels,,,,,,,,
1151975,RFTCV,GA,2000,63.14046,Residual fuel oil total expenditures.,Million dollars,,,1,,,,,
1154165,RFTXB,GA,2000,13372.58216,Residual fuel oil total end-use consumption.,Billion Btu,,,,,,,,
1156655,RFTXD,GA,2000,4.444957141,"Residual fuel oil average price, all end-use sectors.",Dollars per million Btu,,1,,,,,,
1158845,RFTXP,GA,2000,2127.02118,Residual fuel oil total end-use consumption.,Thousand barrels,,,,,,,,
1161335,RFTXV,GA,2000,47.56046,Residual fuel oil total end-use expenditures.,Million dollars,,,1,,,,,
1163525,ROPRB,GA,2000,222518.5144,"Renewable energy production, other than fuel ethanol.",Billion Btu,,,,,,,,
1172145,SFTCB,GA,2000,74.2311,Supplemental gaseous fuels total consumption.,Billion Btu,,,,,,,,
1181615,SNICD,GA,2000,12.66534,Special naphthas price in the industrial sector.,Dollars per million Btu,,1,,,,,,
1186295,SNICV,GA,2000,46.14557,Special naphthas expenditures in the industrial sector.,Million dollars,,,1,,,,,
1188485,SOEGB,GA,2000,0,Electricity produced from photovoltaic and solar thermal energy by the electric power sector.,Billion Btu,,,,,1,,,
1191085,SOEGP,GA,2000,0,Electricity produced from photovoltaic and solar thermal energy by the electric power sector.,Million kilowatthours,,,,,1,,,
1196285,SOTCB,GA,2000,236.05844,Photovoltaic and solar thermal energy total consumption.,Billion Btu,,,,,,,,
1198885,SOTXB,GA,2000,236.05844,Photovoltaic and solar thermal energy total end-use consumption.,Billion Btu,,,,,,,,
1203975,TEACD,GA,2000,9.80222,Total energy average price in the transportation sector.,Dollars per million Btu,,1,,,,,,
1206055,TEACV,GA,2000,8374.78014,Total energy expenditures in the transportation sector.,Million dollars,,,1,,,,,
1210735,TECCD,GA,2000,14.95735,Total energy average price in the commercial sector.,Dollars per million Btu,,1,,,,,,
1212815,TECCV,GA,2000,3074.33035,Total energy expenditures in the commercial sector.,Million dollars,,,1,,,,,
1217495,TEGDS,GA,2000,6.71296,Energy expenditures as share of current-dollar GDP.,Percent,,,1,,,,,
1222175,TEICD,GA,2000,5.56519,Total energy average price in the industrial sector.,Dollars per million Btu,,1,,,,,,
1224255,TEICV,GA,2000,3473.1518,Total energy expenditures in the industrial sector.,Million dollars,,,1,,,,,
1226335,TEPFB,GA,2000,983799.1741,Total energy used as process fuel.,Billion Btu,,,,,,,,
1228525,TEPRB,GA,2000,561178.7535,Total energy production.,Billion Btu,,,,,,,,
1233615,TERCD,GA,2000,15.26656,Total energy average price in the residential sector.,Dollars per million Btu,,1,,,,,,
1235695,TERCV,GA,2000,4845.98424,Total energy total expenditures in the residential sector.,Million dollars,,,1,,,,,
1237775,TERFB,GA,2000,23974.69529,Total energy used as refinery fuel.,Billion Btu,,,,,,,,
1239965,TETCB,GA,2000,2985158.689,Total energy consumption.,Billion Btu,,,,,,,,
1242455,TETCD,GA,2000,9.87709,Total energy average price.,Dollars per million Btu,,1,,,,,,
1244535,TETCV,GA,2000,19768.24653,Total energy expenditures.,Million dollars,,,1,,,,,
1248441,TETPB,GA,2000,362.70324,Total energy consumption per capita.,Million Btu,,,,,,,,
1250931,TETPV,GA,2000,2401.88476,Total energy expenditures per capita.,Dollars,,,1,,,,,
1253121,TETXB,GA,2000,2985157.625,Total end-use energy consumption.,Billion Btu,,,,,,,,
1255611,TETXD,GA,2000,9.877083687,Total end-use energy average price.,Dollars per million Btu,,1,,,,,,
1257691,TETXV,GA,2000,19768.24653,Total end-use energy expenditures.,Million dollars,,,1,,,,,
1274961,TPOPP,GA,2000,8230.306,Resident population including Armed Forces.,Thousand,,,,,,,,
1298251,WDRCD,GA,2000,4.36874,Wood price in the residential sector.,Dollars per million Btu,,1,,,,,,
1302931,WDRCV,GA,2000,23.55554,Wood expenditures in the residential sector. ,Million dollars,,,1,,,,,
1319571,WWCCD,GA,2000,4.36873,Wood and waste price in the commercial sector.,Dollars per million Btu,,1,,,,,,
1321651,WWCCV,GA,2000,3.84667,Wood and waste expenditures in the commercial sector.,Million dollars,,,1,,,,,
1330491,WWEID,GA,2000,0.66785,Wood and waste price in the electric power sector.,Dollars per million Btu,,1,,,,,,
1332571,WWEIV,GA,2000,0.06411,Wood and waste expenditures in the electric power sector.,Million dollars,,,1,,,,,
1337251,WWICD,GA,2000,1.43432,Wood and waste price in the industrial sector.,Dollars per million Btu,,1,,,,,,
1339331,WWICV,GA,2000,224.79606,Wood and waste expenditures in the industrial sector.,Million dollars,,,1,,,,,
1345681,WWTCB,GA,2000,196884.4458,Wood and waste total consumption.,Billion Btu,,,,,,,,
1348171,WWTCD,GA,2000,1.54672,"Wood and waste average price, all sectors.",Dollars per million Btu,,1,,,,,,
1350251,WWTCV,GA,2000,252.26238,Wood and waste total expenditures.,Million dollars,,,1,,,,,
1352441,WWTXB,GA,2000,196788.4458,Wood and waste total end-use consumption.,Billion Btu,,,,,,,,
1354931,WWTXD,GA,2000,1.547238965,"Wood and waste average price, all end-use sectors.",Dollars per million Btu,,1,,,,,,
1357011,WWTXV,GA,2000,252.19827,Wood and waste total end-use expenditures.,Million dollars,,,1,,,,,
1361691,WXICD,GA,2000,21.32687,Waxes price in the industrial sector.,Dollars per million Btu,,1,,,,,,
1366371,WXICV,GA,2000,29.76624,Waxes expenditures in the industrial sector.,Million dollars,,,1,,,,,
1368561,WYEGB,GA,2000,0,Electricity produced from wind energy by the electric power sector.,Billion Btu,,,,,1,,,
1371161,WYEGP,GA,2000,0,Electricity produced from wind energy by the electric power sector.,Million kilowatthours,,,,,1,,,
1373761,WYTCB,GA,2000,0,Electricity produced from wind energy.,Billion Btu,,,,,1,,,
69747,CLACK,GA,2000,0,Factor for converting coal consumed by the transportation sector from physical units to Btu.,Million Btu per short ton,,,,1,,,,
91066,CLEIK,GA,2000,23.17564,Factor for converting coal consumed by the electric power sector from physical units to Btu.,Million Btu per short ton,,,,1,,,,
98346,CLHCK,GA,2000,25.642,Factor for converting coal consumed by the residential and commercial sectors from physical units to Btu.,Million Btu per short ton,,,,1,,,,
126946,CLOCK,GA,2000,25.642,Factor for converting coal consumed by industrial users other than coke plants from physical units to Btu.,Million Btu per short ton,,,,1,,,,
772605,NGEIK,GA,2000,1.01594,Factor for converting natural gas consumed by the electric power sector from physical units to Btu.,Thousand Btu per cubic foot,,,,1,,,,
837605,NGTXK,GA,2000,1.01823,Factor for converting natural gas consumed by all sectors other than electric power from physical units to Btu.,Thousand Btu per cubic foot,,,,1,,,,
